Title,Description,Products,Products_brands,Contact_url
ABB INTERNATIONAL,"ABB Interntational es distribuidor mayorista de celulares nuevos, usados, accesorios y consumer Electronics para Latinoamérica y El Caribe. "," Celulares, Ipads, Tablets, Airpods, Earbuds, Smart Watch’s, Apple Watch, Speakers, Headphones, Drones y Consumer Electronics en general. 
"," Apple, Xiaomi, Samsung, Realme, Motorola, Huawei, Cat, One Plus, Jbl, SanDisk, Dji.",https://compredesdemiami.com/catalog/tecnologia/detail.php?ID=369
ALASKA MIAMI,"Alaska Miami es distribuidor mayorista de Celulares, Repuestos, Accesorios, Consolas, Laptops y consumer Electronics para Latinoamérica y El Caribe. 

"," Celulares, Repuestos, Accesorios, Consolas, Gaming, Laptops, Duplicadores, Cd’s, Dvd’s y Consumer Electronics en general. 
"," Apple, Samsung, Xiaomi, Playstation, Nintendo, Xbox, Jbl, Beats, Kingston, Dji, Hp, Asus, Dell, Lenovo, Verbatim, Sony",https://compredesdemiami.com/catalog/tecnologia/detail.php?ID=263
AMAZFIT - SB TECHNOLOGY,"SB Technology es distribuidor mayorista de Consumer Electronics para Latinoamérica, El Caribe y distribuidor autorizado de la marca Amazfit. 
  "," Relojes Inteligentes, PowerBuds."," Amazfit. 
",https://compredesdemiami.com/catalog/tecnologia/detail.php?ID=397
ANKER - SB TECHNOLOGY,"SB Technology es distribuidor mayorista de Consumer Electronics para Latinoamérica, El Caribe y distribuidor autorizado de la marca Anker.  

"," PowerBuds, PowerPort, SoundBuds, Bluetooth Headphones, Cargadores portátiles, cajas de batería, cables, protección, central eléctrica."," Anker.
 ",https://compredesdemiami.com/catalog/tecnologia/detail.php?ID=396
AQUA SYSTEMS INC,"Aqua Systems, cuenta con más de 30 años de experiencia en el mercado de Latinoamérica y El Caribe. 
"," Notebooks, All in One, Ipads, Iwatchs, Iphones, Consolas, Controles, Speakers, Tablets, Headphones, Accesorios de entretenimiento, Teclados, Procesadores, Discos Duros, Monitores, Impresoras, Tvs y Consumer Electronics en general"," Hp, Asus, Dell, Lenovo, Acer, Msi, Apple, Samsung, Google, Supermicro, Lg, Hitachi, Nintendo, Xbox, Playstation, Beast, Jbl, Amazon, 
",https://compredesdemiami.com/catalog/tecnologia/detail.php?ID=392
CPOTEK,"Distribuidor mayorista de celulares, Tablets, videojuegos, cámaras, accesorios y consumer electronics en general para toda Latinoamérica y El Caribe. 

"," Celulares, accesorios y consumer electronics en general."," Apple, Samsung, Google. 
",https://compredesdemiami.com/catalog/tecnologia/detail.php?ID=400
CRANE 2 | SB TECHNOLOGY,"SB Technology es distribuidor mayorista de Consumer Electronics para Latinoamérica, El Caribe y distribuidor de la marca Crane 2.  

"," Estabilizador para cámaras profesionales como Canon, Panasonic, Sony, Nikon entre otras."," Crane 2 
",https://compredesdemiami.com/catalog/tecnologia/detail.php?ID=404
DIALECTIC DISTRIBUTION,"Dialectic Distribution, es distribuidor mayorista de consumer electronics para Latinoamérica y El Caribe.

"," Laptops, Tablets, Ipads, Celulares, Consolas, Gaming, Speakers, Accesorios y consumer electronics en general."," Asus, Lenovo, Hp, Dell, Apple, Playstation, Nintendo, Xbox, Jbl, Beats, Fire Tv, Google. 
",https://compredesdemiami.com/catalog/tecnologia/detail.php?ID=358
DIGITAL TECH INTERNATIONAL,"Digital Tech International es distribuidor mayorista de celulares nuevos, Cpo, usado y consumer electronics para Latinoamérica y El Caribe. 

"," Celulares, Apple Watch, Airpods, speakers y consumer electronics en general."," Apple, Samsung, Xiaomi, Huawei, Lenovo, Motorola, Jbl, Alcatel, Lg. 
",https://compredesdemiami.com/catalog/tecnologia/detail.php?ID=210
"EXPERT TECHNOLOGY GROUP, INC","Expert Technology Group, cuenta con más de 20 años de experiencia en el mercado tecnológico. Somos distribuidores mayorista de Laptops, Impresoras, Insumos, componentes de cómputo y consumer electronics en general para Latinoamérica y El Caribe. 

"," Cpu, memorias, discos duros, ópticos, monitores, tv’s, cases, accesorios, tabletas, celulares, consolas, proyectores, cámaras digitales, drones, Laptops"," Todas las marcas 
",https://compredesdemiami.com/catalog/tecnologia/detail.php?ID=65
F&E TRADING,"F & E, es distribuidor mayorista consumer electronics para Latinoamérica y El Caribe. 

"," Monitores TV’s, Ópticos, Cámaras, Audio, línea completa de productos Apple y consumer electronics en general.
 "," Panasonic, Dell, Nikon, Dji, Logitech, Fujifilm, Beats, Hp, Samsung, Bose, Microsoft, SanDisk, Kingston, Lenovo, Epson, Cisco, Canon, Sennheiser. 
",https://compredesdemiami.com/catalog/tecnologia/detail.php?ID=379
GAME CENTER DISTRIBUTION,"Game Center Distribution es distribuidor mayorista de videojuegos, Sistemas, accesorios Juegos, tarjetas, Ipads, iwatchs y mucho más para Latinoamérica y El Caribe 

"," Consolas, Juegos, Tarjetas, Accesorios, Ipads, iwatch."," Apple, Ps4, Nintendo, Sony, Xbox, Roku Google play, ITunes.
",https://compredesdemiami.com/catalog/tecnologia/detail.php?ID=171
GOLD TRADE LLC,"Gold Trade LLC es distribuidor mayorista de smartphones, nuevos, categoría A++, A, B, C; accesorios, repuestos, laptops, speakers y mucho más. Equipos testeados, y con garantía a los mejores precios. 

"," Celulares, accesorios, repuestos, laptops, speakers."," Apple, Xiaomi, Samsung, Motorola.
",https://compredesdemiami.com/catalog/tecnologia/detail.php?ID=383
HOBBY TRADING CORP,"Hobby Trading Corp es distribuidor mayorista de Repuestos, partes (nuevos - originales y usados A+) para celulares, cables, cargadores, auriculares para Latinoamérica y El Caribe. 
"," Partes, Repuestos, pantallas, baterías para celulares, cables, cargadores, auriculares."," Samsung, Huawei, Apple. 
",https://compredesdemiami.com/catalog/tecnologia/detail.php?ID=223
INGENIUM TRADE GROUP LLC,"Ingenium Trade Group LLC es distribuidor mayorista de productos de consumer electronics para Latinoamérica y El Caribe. 

Marca: Consumo electrónico en su totalidad, accesorios premium, audio, streaming, conectividad, gaming, cuidado personal y trading de overstocks. 
Productos: PlayStation , Microsoft , Nintendo, Roku, Google, Amazon, JBL, Phillips, Twelve South , VIVITAR, Billboard, Altec Lansing, BLOGY, Motorola, ELLE. ",,,https://compredesdemiami.com/catalog/tecnologia/detail.php?ID=385
LG - F&E TRADING,"F&E, es distribuidor mayorista de productos para soluciones de negocio de la marca LG, para Latinoamérica y El Caribe. 

Marca: LG. 
Productos: Monitores, televisores, data storage, proyectores, video wall y pantallas comerciales.",,,https://compredesdemiami.com/catalog/tecnologia/detail.php?ID=394
MAJOR MICRO MOBILE LLC,"Major Micro Mobile, cuenta con en tecnología para distribución al por mayor a América Latina y El Caribe.  

"," Impresoras, Suministros, Copiadoras, Celulares, Consolas de Video Juegos. Tablet’s y Consumer Electronics en general. 
"," Nokia, Motorola, Sony, Lg, Samsung, Blackberry, HTC, Canon, Nikon, Fujifim, Olympus, Pentax, Panasonic, Kodak, Lexar, Apple, Sigma, Jvc, Toshiba, Acer, Epson, Infocus, Hp, Garmin, Cobra, Bose, Pioneer.",https://compredesdemiami.com/catalog/tecnologia/detail.php?ID=151
"MARVOL JPS INC,","Marvol Jps Inc, es distribuidor mayorista de repuestos y accesorios para celulares, para Latinoamérica y El Caribe. 
  Marca: Todas las marcas de accesorios y repuestos. 
Productos: Repuestos (todas las marcas/modelos) y Accesorios.",,,https://compredesdemiami.com/catalog/tecnologia/detail.php?ID=118
MICROBOL CORP,"Microbol Corp, es distribuidor mayorista de celulares, exportadores al mayor de las marcas más reconocidas del mercado para Latinoamérica y El Caribe. Así mismo, contamos con celulares Apple y Samsung Grado A+, A, B, C. Contamos con buen servicio, rapidez, honestidad, y precios justos, es lo que más nos caracteriza con nuestros clientes. 

", Celulares y accesorios.," Apple, Samsung, Xiaomi, Huawei, Realme, Lg, Motorola, Alcatel, Zte. 
",https://compredesdemiami.com/catalog/tecnologia/detail.php?ID=377
NASA ELECTRONICS CORPORATION,"Nasa Electronics, es distribuidor mayorista de productos de Consumer Electronics para Latinoamérica y El Caribe. Así mismo es Authorized Reseller de Apple y distribuidor autorizado de la marca JBL.  

"," Celulares, consolas de video juegos, laptops, tablets, accesorios, speakers, línea (google y Jbl) y la línea completa de Apple (Iphone: Nuevos, Cpo, Usados, airpods, Apple watch, ipads, macbooks)."," Apple, Jbl, Xiaomi, Playstation, Xbox, Google, Microsoft, Logitech, Hp, Dell, Seagate, Western Digital. 
",https://compredesdemiami.com/catalog/tecnologia/detail.php?ID=208
NET WIRELESS INC,"Distribuidor Mayorista Global de Consumer Electronics, contamos con las mejores marcas del mercado a los precios desde el 2003. 

"," Celulares, Tablets, PC’s, Laptops, Consolas, Accesorios y más. 
"," Realme, Xiaomi, Samsung, Motorola, Alcatel, Sony, Apple, Cat, JBL, Roku, Amazon, Google Bose, Go Pro, Jabra, Planetronics, Hp, Lenovo, Xbox, Nintendo, Playstation.",https://compredesdemiami.com/catalog/tecnologia/detail.php?ID=408
"PAN OCEAN INTERNATIONAL, INC","Pan Ocean International Inc, es distribuidor mayorista de productos de Consumer Electronics para Latinoamérica y El Caribe.  

"," Celulares, smart watch, ipads, tabletas, laptops, consolas de video juegos, cámaras, speakers, headphones."," Iphone, Samsung, Xiaomi, Nokia, Motorola, Lg, Htc, Sony, Realme, Huawei, Lenovo, Hp, Asus, Acer, Blackberry, Alcatel, Zte, Cat, Google, Amazon, Canon, Nikon, Go Pro, Nintendo, Panasonic, Bose, Wahl, Yamaha, Nest, Fitbit, Jbl, Beats, Kindle, Karcher. 
",https://compredesdemiami.com/catalog/tecnologia/detail.php?ID=259
RELIANCE TRADING,"Distribuidor Mayorista de Laptops, de toda la Línea Apple: IPhone Nuevos, CPO, OEM, Consolas y Consumer Electronics en general para toda Latinoamérica y El Caribe. 

"," Consolas, Celulares, Accesorios, Consumer Electronics"," Dell, Asus, Lenovo, Hp, Acer, Apple, Ps4, Nintendo, Xbox, Google
",https://compredesdemiami.com/catalog/tecnologia/detail.php?ID=310
SALTEK MIAMI LLC,"Saltek Miami LLC, es distribuidor mayorista oficial de la marca S3+, para Latinoamérica y El Caribe. 

Marca: S3+. 
Productos: Memorias (ram, usb, micro sd, data storage), componentes para gaming y PC’s.",,,https://compredesdemiami.com/catalog/tecnologia/detail.php?ID=314
"SAMSUNG - VA – CELL, INC","Va Cell, es distribuidor mayorista autorizado de Monitores Samsung para Latinoamérica. 

", Monitores," Samsung 
",https://compredesdemiami.com/catalog/tecnologia/detail.php?ID=415
SB TECHNOLOGY,"SB Technology es distribuidor mayorista de Consumer Electronics para Latinoamérica y El Caribe.  

"," Consumer Electronics, Pc & Componentes, Accesorios, Celulares, Tablets, Consolas, Audio & Streaming, Video & Fotografía. 
"," Anker, Amazfit, Xiaomi, Crane 2, Hp, Apple, Jbl, Pioneer, Acer, Google, Garmin, Samsung, Dell, Lenovo, Logitech, Plantronics, Asus, Epson, Sony, Go Pro, Nintendo, Canon, Toshiba, Nikon, Microsoft, Playstation, Xbox, Panzer Glass, Aukey.",https://compredesdemiami.com/catalog/tecnologia/detail.php?ID=395
"SUNSTRIKE INTERNATIONAL USA, INC.","Sunstrike International Usa Inc, es distribuidor mayorista para Usa, Latinoamérica y El Caribe de toda la línea Apple. Somos Apple Authorized Reseller contamos con stock permanente de Iphones y Ipad’s OEM y CPO. Contamos también con sede en Hong Kong – Sunstrike International Limited. 

"," Iphones, Ipad’s, Airpods, Apple Watch, Apple TV, Ipoud Touch, MacBooks."," Apple. 
",https://compredesdemiami.com/catalog/tecnologia/detail.php?ID=370
TECH TOWN,"Distribuidor Mayorista de Consolas de Video Juegos, Accesorios y más. 

"," Consolas, Accesorios 
"," PlayStation, Xbox, Nintendo.",https://compredesdemiami.com/catalog/tecnologia/detail.php?ID=381
TECHSAURUS,"Techsaurus, somos distribuidores mayoristas de tecnología, más confiables de América, contamos con más de 12 años de experiencia en la industria, trabajando con las marcas más reconocidas del mercado.  

"," Celulares, Consolas, Accesorios, Speakers, Headphones, Camaras y Consumer Electronics en General."," Samsung, Nokia, Huawei, Motorola, Sony, Microsoft, Nintendo, SanDisk, Virzo, Lg, Apple, Jbl, Alcatel Xbox, Playstation, Xiaomi, Go Pro, Cat. 
",https://compredesdemiami.com/catalog/tecnologia/detail.php?ID=255
"TEKMICOM, INC.","Tekmicom, es distribuidor mayorista de celulares, tablets y accesorios para Latinoamérica y El Caribe. 

Marca: Xiaomi, Motorola, Samsung, Alcatel, Logic. 
Productos: Celulares, tablets y accesorios.",,,https://compredesdemiami.com/catalog/tecnologia/detail.php?ID=302
TMCELL,"TMCELL, es distribuidor mayorista exclusivo de las marca Logic, Unonu, Iswag. También distribuidores autorizados de las marcas: Motorola, Alcatel, Adata, Coolpad, Cyrus, Kingston, Mophie, My Kronoz, Samsung, Xiaomi y Zte para Latinoamérica. 
"," Celulares, Tabletas, Accesorios, MiFis, Routers, Memorias, Modems y Dispositivos Inteligentes."," Logic, Unonu, Iswag, Alcatel, Motorola, Adata, Coolpad, Cyrus, Kingston, Mophie, Samsung, Xiaomi, Zte, My Kronoz. 
",https://compredesdemiami.com/catalog/tecnologia/detail.php?ID=303
ULTRAMEDIA,"Somos Exportadores Mayoristas para Latino América de productos como : Video Juegos, Celulares, Accesorios y Consumer Electronics, Notebooks y más.",,,https://compredesdemiami.com/catalog/tecnologia/detail.php?ID=372
"VA – CELL, INC","Va Cell, es distribuidor mayorista autorizado de Monitores Samsung para Latinoamérica.
", Monitores," Samsung
",https://compredesdemiami.com/catalog/tecnologia/detail.php?ID=412
VEGA TECH SOLUTION – VETESO,"Vega Tech Solution (Veteso), es distribuidor mayorista de celulares, consolas, laptops, accesorios, dispositivos inteligentes y consumer electronics en general para Latinoamérica y El Caribe. Contamos con Iphones HSO.  

"," Celulares, consolas, laptops, accesorios, dispositivos inteligentes y consumer electronics en general."," Apple, Samsung, Xiaomi, Huawei, Honor, Nintendo, Xbox, Playstation, Hp, Dell, Lenovo. 
",https://compredesdemiami.com/catalog/tecnologia/detail.php?ID=315
VIVA GLOBAL,"Distribuidor mayorista con más de 30 años en el mercado de Celulares, Partes, Celulares, Tablets, consolas, laptops Accesorios para toda Latino América y El Caribe. 
Venta de Accesorios Speakers, Audifonos, Cables, Cubos, Google chromecast, Roku Contamos con marcas: Xiaomi, Apple, Samsung, Huawei, LG, Sony, JBL, Beats, Google, Roku, Nintendo, Playstation, Xbox.",,,https://compredesdemiami.com/catalog/tecnologia/detail.php?ID=407
WIRELESS NEXT INC,"Wireless Next Inc, es distribuidor mayorista oficial de la marcas de celulares y accesorios: Huawei, Alcatel, BlackBerry, Anker, Samsung, Zte, Cat, Dji, Realme, Tecno para Latinoamérica. Contamos con oficinas también en: Colombia, Ecuador y Panamá. 

Marca: Huawei, Alcatel, BlackBerry, Anker, Samsung, Zte, Cat, Dji, Realme, Tecno. 
Productos: Celulares, relojes, accesorios.",,,https://compredesdemiami.com/catalog/tecnologia/detail.php?ID=341
WIRELESS WORLD,"Distribuidor Mayorista de la línea Apple, Consolas & Juegos, Consumer Electronics en general. 

"," Iphones, IPads, Apple Watch, AirPods, MacBooks, Apple TV, Accesorios, Consolas, juegos, línea Google, Linea Amazon, Roku, Laptops, Camaras, Jbl, Beats, Bose, Microsoft, Dyson, MSI, Nest, Dji, Honeywell, Garmln, Fitbit, i Robot, iTunes y Google play. , entre otros productos más. 
"," Apple, Ademas, Playstation, Xbox,Nintendo , Sega, Google, Amazon Roku,Samsung, DELL, HP, Lenovo, Alienware, Gopro, Sony Canon, Nikon",https://compredesdemiami.com/catalog/tecnologia/detail.php?ID=417
